timestamp,nom,distance
2026-08-20T11:03:28,falibeta,0.349
2026-08-20T11:03:36,falibeta,0.378
2026-08-20T11:04:39,falibeta,0.292
2026-08-20T11:04:59,falibeta,0.368
2026-08-20T11:05:07,falibeta,0.361
2026-08-20T11:05:17,tchoupi,0.357
2026-08-20T11:05:25,tchoupi,0.357
2026-08-20T11:05:28,falibeta,0.374
2026-08-20T11:05:34,tchoupi,0.354
2026-08-20T11:06:25,delphine,0.452
2026-08-20T11:06:39,delphine,0.418
2026-08-20T11:06:47,delphine,0.451
2026-08-20T11:06:59,delphine,0.392
2026-08-20T11:07:08,delphine,0.413
2026-08-20T11:07:15,falibeta,0.344
2026-08-20T11:48:15,falibeta,0.314
2026-08-20T11:48:23,falibeta,0.375
2026-08-20T11:48:31,falibeta,0.333
2026-08-20T11:48:39,falibeta,0.413
2026-08-20T11:48:47,falibeta,0.347
2026-08-20T13:29:18,falibeta,0.368
2026-08-20T13:30:06,oyetola,0.489
2026-08-20T13:36:58,falibeta,0.389
2026-08-20T13:37:10,falibeta,0.353
2026-08-20T14:44:56,falibeta,0.331
2026-08-20T14:45:09,falibeta,0.361
2026-08-20T14:45:17,falibeta,0.326
2026-08-20T14:46:06,delphine,0.397
2026-08-20T14:46:17,delphine,0.362
2026-08-20T14:46:55,falibeta,0.337
2026-08-20T14:47:03,falibeta,0.362
2026-08-20T14:47:51,falibeta,0.456
2026-08-20T14:48:16,falibeta,0.428
2026-08-20T14:48:29,falibeta,0.392
2026-08-20T14:48:45,falibeta,0.442
2026-08-20T14:48:53,falibeta,0.398
2026-08-20T14:49:02,falibeta,0.382
2026-08-20T14:49:09,falibeta,0.414
2026-08-20T14:49:24,falibeta,0.466
2026-08-20T14:49:33,falibeta,0.401
2026-08-20T14:50:30,falibeta,0.352
2026-08-20T15:04:04,falibeta,0.370
2026-08-20T15:04:12,falibeta,0.405
2026-08-20T15:04:20,falibeta,0.423
2026-08-20T15:04:30,falibeta,0.415
2026-08-20T15:06:07,falibeta,0.469
2026-08-20T15:06:37,falibeta,0.281
2026-08-20T15:06:46,falibeta,0.370
2026-08-20T15:07:09,falibeta,0.264
2026-08-20T15:12:04,falibeta,0.328
2026-08-20T15:12:12,falibeta,0.331
2026-08-20T15:12:20,falibeta,0.314
2026-08-20T15:12:29,falibeta,0.467
2026-08-20T15:12:38,falibeta,0.291
2026-08-20T15:12:53,falibeta,0.262
2026-08-20T15:13:01,falibeta,0.371
2026-08-20T15:13:09,falibeta,0.305
2026-08-20T15:13:17,falibeta,0.356
2026-08-20T15:13:26,falibeta,0.269
2026-08-20T15:19:42,falibeta,0.335
2026-08-20T15:19:50,falibeta,0.332
2026-08-21T13:40:56,falibeta,0.690
2026-08-21T14:07:48,falibeta,0.704
2026-08-21T14:07:56,falibeta,0.719
2026-08-21T14:08:04,falibeta,0.692
2026-08-21T14:08:12,falibeta,0.702
2026-08-21T14:08:21,falibeta,0.699
2026-08-21T14:08:28,falibeta,0.683
2026-08-21T14:08:36,falibeta,0.661
2026-08-21T14:08:44,falibeta,0.700
2026-08-21T14:08:53,falibeta,0.657
2026-08-21T14:09:01,falibeta,0.655
2026-08-21T14:09:07,falibeta,0.498
2026-08-21T14:09:28,falibeta,0.639
2026-08-21T14:09:36,falibeta,0.628
2026-08-21T14:09:44,falibeta,0.710
2026-08-21T14:09:52,falibeta,0.632
2026-08-21T14:10:20,falibeta,0.684
2026-08-21T14:10:26,falibeta,0.617
2026-08-21T14:10:34,falibeta,0.684
2026-08-21T14:10:42,falibeta,0.673
2026-08-21T14:10:50,falibeta,0.552
2026-08-21T14:10:59,falibeta,0.628
2026-08-21T14:11:07,falibeta,0.702
2026-08-21T14:11:14,falibeta,0.639
2026-08-21T14:11:22,falibeta,0.692
2026-08-21T14:11:31,falibeta,0.659
2026-08-21T14:11:43,falibeta,0.676
2026-08-21T14:11:50,falibeta,0.671
2026-08-21T14:11:59,falibeta,0.646
2026-08-21T14:12:40,falibeta,0.697
2026-08-21T14:14:30,falibeta,0.571
2026-08-21T14:14:39,falibeta,0.698
2026-08-21T14:14:51,falibeta,0.646
2026-08-21T14:15:00,falibeta,0.539
2026-08-21T14:16:59,eslie,0.563
2026-08-21T14:17:14,falibeta,0.618
2026-08-21T14:17:29,falibeta,0.699
2026-08-21T14:17:36,falibeta,0.670
2026-08-21T14:17:42,eslie,0.540
2026-08-21T14:17:45,falibeta,0.678
2026-08-21T14:17:51,eslie,0.555
2026-08-21T14:18:06,eslie,0.546
2026-08-21T14:18:15,eslie,0.455
2026-08-21T14:18:27,falibeta,0.591
2026-08-21T14:18:36,falibeta,0.582
2026-08-21T14:18:56,falibeta,0.557
2026-08-21T14:19:04,falibeta,0.577
2026-08-21T14:19:14,falibeta,0.624
2026-08-21T14:19:22,falibeta,0.575
2026-08-21T14:19:29,eslie,0.576
2026-08-21T14:19:35,eslie,0.524
2026-08-21T14:19:44,eslie,0.538
2026-08-21T14:19:47,falibeta,0.688
2026-08-21T14:19:58,eslie,0.628
2026-08-21T14:20:16,eslie,0.590
2026-08-21T14:20:24,eslie,0.610
2026-08-21T14:20:32,eslie,0.611
2026-08-21T14:20:46,falibeta,0.643
2026-08-21T14:21:02,eslie,0.479
2026-08-21T14:21:27,eslie,0.566
2026-08-21T14:22:24,eslie,0.512
2026-08-21T14:23:02,eslie,0.572
2026-08-21T14:23:10,eslie,0.503
2026-08-21T14:25:35,eslie,0.566
2026-08-21T14:26:49,falibeta,0.709
2026-08-21T14:26:57,falibeta,0.706
2026-08-21T14:27:06,falibeta,0.692
2026-08-21T14:27:14,falibeta,0.547
2026-08-21T14:28:10,falibeta,0.703
2026-08-21T14:28:18,falibeta,0.663
2026-08-21T14:28:21,falibeta,0.744
2026-08-21T14:28:29,falibeta,0.692
2026-08-21T14:28:38,falibeta,0.731
2026-08-21T14:28:57,falibeta,0.763
2026-08-21T14:29:06,falibeta,0.736
2026-08-21T14:29:14,falibeta,0.759
2026-08-21T14:29:22,falibeta,0.735
2026-08-21T14:29:31,falibeta,0.711
2026-08-21T14:29:42,falibeta,0.693
2026-08-21T14:29:50,falibeta,0.690
2026-08-21T14:29:56,falibeta,0.700
2026-08-21T14:30:08,falibeta,0.675
2026-08-21T14:30:16,falibeta,0.680
2026-08-21T14:30:24,falibeta,0.692
2026-08-21T14:30:30,falibeta,0.643
2026-08-21T14:30:46,falibeta,0.553
2026-08-21T14:31:13,falibeta,0.651
2026-08-21T14:31:29,falibeta,0.676
2026-08-21T14:31:37,falibeta,0.662
2026-08-21T14:31:46,falibeta,0.735
2026-08-21T14:31:54,falibeta,0.707
2026-08-21T14:32:02,falibeta,0.706
2026-08-21T14:32:10,falibeta,0.665
2026-08-21T14:32:38,falibeta,0.467
2026-08-21T14:33:42,falibeta,0.694
2026-08-21T14:33:53,falibeta,0.541
2026-08-21T14:34:14,falibeta,0.614
2026-08-21T14:34:22,falibeta,0.620
2026-08-21T14:34:31,falibeta,0.603
2026-08-21T14:34:44,falibeta,0.609
2026-08-21T14:34:55,falibeta,0.656
2026-08-21T14:35:25,falibeta,0.716
2026-08-21T14:43:48,falibeta,0.669
2026-08-21T14:43:56,falibeta,0.666
2026-08-21T14:44:06,falibeta,0.663
2026-08-21T14:44:07,tchoupi,0.747
2026-08-21T14:44:13,falibeta,0.734
